Name,Age,#days,Lev,Tm,G,PA,AB,R,H,2B,3B,HR,RBI,BB,IBB,SO,HBP,SH,SF,GDP,SB,CS,BA,OBP,SLG,OPS,mlbID
CJ Abrams,21,651,Maj-NL,San Diego,12,40,35,5,5,1,0,1,2,3,0,8,1,1,0,1,1,1,0.143,0.231,0.257,0.488,682928
Jos\xc3\xa9 Abreu,35,651,Maj-AL,Chicago,14,58,51,9,11,3,0,2,6,7,0,13,0,0,0,0,0,0,0.216,0.31,0.392,0.703,547989
Willy Adames,26,650,Maj-NL,Milwaukee,17,71,62,10,12,2,0,2,5,9,0,21,0,0,0,3,1,1,0.194,0.296,0.323,0.618,642715
Riley Adams,26,651,Maj-NL,Washington,6,19,17,1,2,0,0,1,2,1,0,8,1,0,0,0,0,0,0.118,0.211,0.294,0.505,656180
Jo Adell,23,650,Maj-AL,Los Angeles,15,53,52,4,13,3,0,3,8,1,0,21,0,0,0,1,1,0,0.25,0.264,0.481,0.745,666176
Jes\xc3\xbas Aguilar,32,651,Maj-NL,Miami,14,61,51,2,11,0,0,0,4,7,0,16,0,0,3,1,0,0,0.216,0.295,0.216,0.511,542583
Nick Ahmed,32,650,Maj-NL,Arizona,3,9,9,0,2,1,0,0,1,0,0,3,0,0,0,0,0,0,0.222,0.222,0.333,0.556,605113
Hanser Alberto,29,651,Maj-NL,Los Angeles,6,13,13,0,3,0,0,0,2,0,0,1,0,0,0,0,0,0,0.231,0.231,0.231,0.462,593643
Ozzie Albies,25,651,Maj-NL,Atlanta,17,77,66,10,16,4,0,6,11,7,0,16,2,0,2,0,1,1,0.242,0.325,0.576,0.901,645277
Sergio Alc\xc3\xa1ntara,25,650,Maj-NL,Arizona,16,32,30,4,4,1,0,1,4,1,0,8,0,0,1,0,0,0,0.133,0.156,0.267,0.423,642727
Jorge Alfaro,29,651,Maj-NL,San Diego,9,31,28,2,6,2,0,1,2,1,0,17,1,0,1,0,1,0,0.214,0.258,0.393,0.651,595751
Anthony Alford,27,652,Maj-NL,Pittsburgh,2,4,4,0,1,0,0,0,0,0,0,2,0,0,0,0,0,0,0.25,0.25,0.25,0.5,546990
Austin Allen,28,651,Maj-AL,Oakland,4,13,11,1,1,0,0,0,0,1,0,7,1,0,0,0,0,0,0.091,0.231,0.091,0.322,664119
Nick Allen,23,651,Maj-AL,Oakland,5,15,14,1,2,2,0,0,0,1,0,3,0,0,0,0,0,0,0.143,0.2,0.286,0.486,669397
Pete Alonso,27,650,Maj-NL,New York,18,78,71,9,19,3,0,3,16,2,0,18,3,0,2,2,0,0,0.268,0.308,0.437,0.744,624413
Jos\xc3\xa9 Altuve,32,657,Maj-AL,Houston,9,41,36,2,6,0,0,1,3,5,0,10,0,0,0,3,2,0,0.167,0.268,0.25,0.518,514888
Yordan \xc3\x81lvarez,25,650,Maj-AL,Houston,11,46,42,6,7,1,0,4,7,4,1,7,0,0,0,0,0,0,0.167,0.239,0.476,0.715,670541
Brian Anderson,29,652,Maj-NL,Miami,12,42,32,6,8,2,0,0,1,9,0,13,1,0,0,0,1,0,0.25,0.429,0.313,0.741,605119
Tim Anderson,29,651,Maj-AL,Chicago,12,49,48,6,15,4,0,2,6,1,0,7,0,0,0,0,3,0,0.313,0.327,0.521,0.847,641313
Elvis Andrus,33,652,Maj-AL,Oakland,16,61,53,8,11,4,0,1,3,8,0,11,0,0,0,3,1,0,0.208,0.312,0.34,0.651,462101
Aristides Aquino,28,653,Maj-NL,Cincinnati,12,40,38,3,2,0,0,1,2,2,0,21,0,0,0,0,0,0,0.053,0.1,0.132,0.232,606157
Jonathan Ara\xc3\xbaz,23,658,Maj-AL,Boston,5,9,7,1,0,0,0,0,1,0,0,2,0,1,1,0,0,0,0.0,0.0,0.0,0.0,660620
Orlando Arcia,27,651,Maj-NL,Atlanta,9,32,26,1,7,2,0,0,5,5,0,7,0,0,1,1,0,0,0.269,0.375,0.346,0.721,606115
Nolan Arenado,31,650,Maj-NL,St. Louis,15,65,59,10,20,5,0,5,14,6,0,13,0,0,0,0,0,0,0.339,0.4,0.678,1.078,571448
Gabriel Arias,22,655,Maj-AL,Cleveland,2,8,8,2,1,0,0,0,1,0,0,3,0,0,0,0,0,0,0.125,0.125,0.125,0.25,672356
Randy Arozarena,27,651,Maj-AL,Tampa Bay,15,64,62,8,14,6,0,0,4,1,0,17,1,0,0,4,1,0,0.226,0.25,0.323,0.573,668227
Luis Arr\xc3\xa1ez,25,651,Maj-AL,Minnesota,15,54,48,6,17,2,0,1,7,6,1,4,0,0,0,0,0,1,0.354,0.426,0.458,0.884,650333
Christian Arroyo,27,650,Maj-AL,Boston,11,33,31,2,6,0,0,0,2,0,0,7,0,1,1,1,0,0,0.194,0.188,0.194,0.381,624414
Jos\xc3\xa9 Azocar,26,651,Maj-NL,San Diego,14,14,10,0,3,1,0,0,2,4,0,5,0,0,0,0,2,2,0.3,0.5,0.4,0.9,640492
Akil Baddoo,23,651,Maj-AL,Detroit,11,37,34,4,4,1,0,1,2,3,0,9,0,0,0,1,0,0,0.118,0.189,0.235,0.425,668731
Harrison Bader,28,650,Maj-NL,St. Louis,15,54,48,7,11,3,0,0,2,4,0,13,2,0,0,0,4,0,0.229,0.315,0.292,0.607,664056
Javier B\xc3\xa1ez,29,651,Maj-AL,Detroit,6,24,23,1,6,1,0,1,4,1,0,6,0,0,0,0,0,0,0.261,0.292,0.435,0.727,595879
Austin Barnes,32,651,Maj-NL,Los Angeles,5,16,14,4,4,0,0,2,2,1,0,3,1,0,0,1,0,0,0.286,0.375,0.714,1.089,605131
Tucker Barnhart,31,651,Maj-AL,Detroit,10,32,27,2,7,1,0,0,0,5,0,12,0,0,0,1,0,0,0.259,0.375,0.296,0.671,571466
Joey Bart,25,651,Maj-NL,San Francisco,11,43,35,6,6,1,0,2,4,7,0,21,1,0,0,0,1,0,0.171,0.326,0.371,0.697,663698
Matt Beaty,29,651,Maj-NL,San Diego,7,16,16,2,2,0,1,0,0,0,0,5,0,0,0,1,0,0,0.125,0.125,0.25,0.375,607461
Seth Beer,25,650,Maj-NL,Arizona,16,54,46,4,15,3,0,1,8,6,1,12,2,0,0,1,0,0,0.326,0.426,0.457,0.882,666179
Josh Bell,29,652,Maj-NL,Washington,17,67,55,10,19,3,0,2,12,9,0,6,1,0,0,4,0,1,0.346,0.446,0.509,0.955,605137
Cody Bellinger,26,650,Maj-NL,Los Angeles,16,64,59,7,15,3,1,4,8,5,0,21,0,0,0,0,3,1,0.254,0.313,0.542,0.855,641355
Brandon Belt,34,650,Maj-NL,San Francisco,15,71,58,9,14,1,1,4,9,11,0,18,2,0,0,2,0,0,0.241,0.38,0.5,0.88,474832
Anthony Bemboom,32,652,Maj-AL,Baltimore,9,23,20,1,3,1,0,0,0,3,0,4,0,0,0,1,0,0,0.15,0.261,0.2,0.461,621532
Andrew Benintendi,27,651,Maj-AL,Kansas City,14,53,49,4,19,0,1,1,6,4,0,8,0,0,0,0,0,0,0.388,0.434,0.49,0.924,643217
Jon Berti,32,651,Maj-NL,Miami,9,22,15,7,5,1,1,0,0,7,0,5,0,0,0,0,0,0,0.333,0.546,0.533,1.079,542932
Christian Bethancourt,30,651,Maj-AL,Oakland,10,31,30,3,6,2,0,0,1,1,0,7,0,0,0,1,1,0,0.2,0.226,0.267,0.493,542194
Mookie Betts,29,650,Maj-NL,Los Angeles,15,72,59,16,12,2,0,2,5,12,0,16,1,0,0,1,3,0,0.203,0.347,0.339,0.686,605141
Bo Bichette,24,650,Maj-AL,Toronto,17,75,73,8,16,2,0,2,8,2,0,21,0,0,0,2,1,1,0.219,0.24,0.329,0.569,666182
Cavan Biggio,27,651,Maj-AL,Toronto,13,28,23,2,1,0,0,0,0,3,0,10,2,0,0,1,0,0,0.044,0.214,0.044,0.258,624415
Charlie Blackmon,35,650,Maj-NL,Colorado,14,60,53,9,14,3,0,2,8,5,0,13,0,2,0,0,1,1,0.264,0.328,0.434,0.762,453568
Xander Bogaerts,29,650,Maj-AL,Boston,16,66,64,8,22,6,0,1,6,2,0,16,0,0,0,1,0,0,0.344,0.364,0.484,0.848,593428
Alec Bohm,25,650,Maj-NL,Philadelphia,15,44,35,6,11,2,0,1,10,5,0,6,0,0,4,1,0,0,0.314,0.364,0.457,0.821,664761
Bobby Bradley,26,651,Maj-AL,Cleveland,7,16,16,1,2,0,0,0,0,0,0,8,0,0,0,0,0,0,0.125,0.125,0.125,0.25,656252
Jackie Bradley Jr.,32,650,Maj-AL,Boston,16,51,44,3,9,4,0,0,5,7,0,11,0,0,0,0,1,1,0.205,0.314,0.296,0.609,598265
Michael Brantley,35,650,Maj-AL,Houston,15,67,61,7,19,3,0,2,7,5,1,10,0,1,0,0,0,1,0.312,0.364,0.459,0.823,488726
Alex Bregman,28,650,Maj-AL,Houston,16,65,55,7,15,3,0,3,12,9,0,10,0,0,1,1,0,0,0.273,0.369,0.491,0.86,608324
Mike Brosseau,28,650,Maj-NL,Milwaukee,10,21,19,2,4,0,0,1,3,2,0,4,0,0,0,0,0,0,0.211,0.286,0.368,0.654,670712
Seth Brown,29,651,Maj-AL,Oakland,16,56,50,5,9,3,0,2,12,5,0,16,0,0,1,1,0,0,0.18,0.25,0.36,0.61,664913
Vidal Bruj\xc3\xa1n,24,651,Maj-AL,Tampa Bay,1,4,3,0,0,0,0,0,0,1,0,0,0,0,0,0,0,1,0.0,0.25,0.0,0.25,660644
Kris Bryant,30,650,Maj-NL,Colorado,15,65,57,11,16,4,0,0,4,5,0,12,1,0,2,1,0,0,0.281,0.339,0.351,0.689,592178
Jake Burger,26,652,Maj-AL,Chicago,11,37,35,4,7,1,0,1,4,1,0,11,0,1,0,1,0,0,0.2,0.222,0.314,0.537,669394
Byron Buxton,28,651,Maj-AL,Minnesota,10,41,37,10,13,4,0,6,11,2,0,13,2,0,0,0,1,0,0.351,0.415,0.946,1.361,621439
Miguel Cabrera,39,652,Maj-AL,Detroit,14,53,47,6,15,2,0,0,5,4,1,14,1,0,1,1,0,0,0.319,0.377,0.362,0.739,408234
Lorenzo Cain,36,650,Maj-NL,Milwaukee,11,38,35,4,5,2,0,0,2,2,0,6,0,0,1,2,0,2,0.143,0.184,0.2,0.384,456715
Kole Calhoun,34,650,Maj-AL,Texas,15,39,37,1,7,1,0,0,1,1,0,9,1,0,0,0,0,1,0.189,0.231,0.216,0.447,594777
Willie Calhoun,27,650,Maj-AL,Texas,14,39,33,6,6,3,0,1,2,6,0,4,0,0,0,1,0,0,0.182,0.308,0.364,0.671,641432
Johan Camargo,28,650,Maj-NL,Philadelphia,15,50,48,1,14,2,0,1,6,2,0,9,0,0,0,1,0,0,0.292,0.32,0.396,0.716,622666
Daz Cameron,25,652,Maj-AL,Detroit,2,6,5,1,0,0,0,0,0,1,0,3,0,0,0,0,1,0,0.0,0.167,0.0,0.167,663662
Luis Campusano,23,651,Maj-NL,San Diego,1,1,1,0,0,0,0,0,0,0,0,0,0,0,0,0,0,0,0.0,0.0,0.0,0.0,669134
Jeimer Candelario,28,651,Maj-AL,Detroit,15,62,57,6,9,3,0,0,4,5,0,15,0,0,0,3,0,0,0.158,0.226,0.211,0.436,600869
Mark Canha,33,650,Maj-NL,New York,12,48,41,3,13,0,0,0,6,5,0,11,2,0,0,0,0,0,0.317,0.417,0.317,0.734,592192
Robinson Can\xc3\xb3,39,650,Maj-NL,New York,11,40,38,3,7,0,0,1,3,2,0,9,0,0,0,0,0,0,0.184,0.225,0.263,0.488,429664
V\xc3\xadctor Caratini,28,650,Maj-NL,Milwaukee,8,25,21,2,5,1,0,1,1,4,0,6,0,0,0,1,0,0,0.238,0.36,0.429,0.789,605170
Dylan Carlson,23,650,Maj-NL,St. Louis,14,65,59,7,12,3,0,0,2,2,0,9,2,0,2,1,1,0,0.203,0.246,0.254,0.5,666185
Curt Casali,33,650,Maj-NL,San Francisco,7,24,23,2,4,2,0,0,1,1,0,11,0,0,0,1,0,0,0.174,0.208,0.261,0.469,592200
Nick Castellanos,30,650,Maj-NL,Philadelphia,17,71,63,9,20,5,0,3,9,6,0,17,1,0,1,1,0,0,0.318,0.38,0.54,0.92,592206
Diego Castillo,24,651,Maj-NL,Pittsburgh,11,41,41,5,10,1,0,1,3,0,0,8,0,0,0,0,1,0,0.244,0.244,0.342,0.585,660636
Harold Castro,28,652,Maj-AL,Detroit,9,29,26,4,8,2,0,0,3,2,0,8,0,0,1,0,0,0,0.308,0.345,0.385,0.729,605612
Jason Castro,35,650,Maj-AL,Houston,7,20,15,0,1,0,0,0,0,4,0,8,1,0,0,0,0,0,0.067,0.3,0.067,0.367,488771
Willi Castro,25,652,Maj-AL,Detroit,5,11,10,0,2,0,0,0,1,1,0,0,0,0,0,1,1,1,0.2,0.273,0.2,0.473,650489
Gilberto Celestino,23,651,Maj-AL,Minnesota,9,12,10,2,1,0,0,0,0,1,0,3,1,0,0,1,0,0,0.1,0.25,0.1,0.35,665482
Yu Chang,26,665,Maj-AL,Cleveland,3,7,7,0,0,0,0,0,0,0,0,5,0,0,0,0,0,0,0.0,0.0,0.0,0.0,644374
Matt Chapman,29,650,Maj-AL,Toronto,17,66,61,4,15,3,0,3,10,5,0,17,0,0,0,0,0,0,0.246,0.303,0.443,0.746,656305
Michael Chavis,26,651,Maj-NL,Pittsburgh,12,41,39,5,12,1,1,2,7,2,0,8,0,0,0,1,0,1,0.308,0.342,0.539,0.88,656308
Robinson Chirinos,38,651,Maj-AL,Baltimore,12,36,30,2,7,2,0,0,3,5,0,10,1,0,0,1,0,0,0.233,0.361,0.3,0.661,455139
Jazz Chisholm Jr.,24,651,Maj-NL,Miami,13,50,44,9,13,3,2,4,15,4,0,14,0,0,2,0,4,0,0.296,0.34,0.727,1.067,665862
Ji Man Choi,31,651,Maj-AL,Tampa Bay,14,48,37,7,13,4,0,2,10,11,1,15,0,0,0,0,0,0,0.351,0.5,0.622,1.122,596847
Ernie Clement,26,651,Maj-AL,Cleveland,10,35,31,5,7,2,0,0,2,2,0,7,2,0,0,0,0,0,0.226,0.314,0.29,0.605,676391
Zack Collins,27,651,Maj-AL,Toronto,9,34,33,4,10,2,0,3,7,1,0,11,0,0,0,0,0,0,0.303,0.324,0.636,0.96,641470
William Contreras,24,666,Maj-NL,Atlanta,1,4,4,0,0,0,0,0,0,0,0,3,0,0,0,0,0,0,0.0,0.0,0.0,0.0,661388
Willson Contreras,30,651,Maj-NL,Chicago,13,59,51,12,13,4,0,2,6,6,0,13,2,0,0,5,0,0,0.255,0.356,0.451,0.807,575929
Garrett Cooper,31,651,Maj-NL,Miami,14,53,44,4,12,2,0,1,6,6,0,16,3,0,0,0,0,0,0.273,0.396,0.386,0.783,643265
Carlos Correa,27,652,Maj-AL,Minnesota,14,59,52,6,10,2,0,1,3,7,0,18,0,0,0,5,0,0,0.192,0.288,0.289,0.577,621043
Brandon Crawford,35,650,Maj-NL,San Francisco,16,66,61,7,14,4,0,1,8,3,1,14,2,0,0,4,0,0,0.23,0.288,0.344,0.632,543063
J.P. Crawford,27,651,Maj-AL,Seattle,16,68,54,8,19,4,1,2,8,10,0,4,3,0,1,0,1,0,0.352,0.471,0.574,1.045,641487
C.J. Cron,32,650,Maj-NL,Colorado,16,68,64,10,17,3,1,6,17,2,0,19,1,0,1,1,0,0,0.266,0.294,0.625,0.919,543068
Jake Cronenworth,28,651,Maj-NL,San Diego,17,71,57,6,11,1,1,1,6,11,1,13,2,0,1,0,0,0,0.193,0.338,0.298,0.636,630105
Nelson Cruz,41,651,Maj-NL,Washington,17,74,65,8,11,0,0,2,9,8,1,14,0,0,0,2,0,0,0.169,0.26,0.262,0.522,443558
Charlie Culberson,33,650,Maj-AL,Texas,10,22,20,4,4,1,0,0,5,2,0,6,0,0,0,0,1,1,0.2,0.273,0.25,0.523,518586
Travis d\'Arnaud,33,652,Maj-NL,Atlanta,11,46,45,9,14,2,0,2,6,0,0,9,1,0,0,1,0,0,0.311,0.326,0.489,0.815,518595
Bobby Dalbec,27,650,Maj-AL,Boston,15,60,56,7,10,1,1,1,2,3,0,16,1,0,0,0,0,0,0.179,0.233,0.286,0.519,666915
Matt Davidson,31,650,Maj-NL,Arizona,3,9,7,1,1,0,0,1,1,2,0,2,0,0,0,0,0,0,0.143,0.333,0.571,0.905,571602
J.D. Davis,29,651,Maj-NL,New York,10,27,23,4,6,1,0,1,2,4,0,8,0,0,0,2,1,0,0.261,0.37,0.435,0.805,605204
Yonathan Daza,28,651,Maj-NL,Colorado,9,15,15,0,7,0,0,0,0,0,0,0,0,0,0,0,0,0,0.467,0.467,0.467,0.933,602074
Bryan De La Cruz,25,651,Maj-NL,Miami,10,16,12,2,4,0,0,1,2,4,0,4,0,0,0,1,0,0,0.333,0.5,0.583,1.083,650559
Paul DeJong,28,652,Maj-NL,St. Louis,12,42,36,2,5,2,0,1,4,6,0,15,0,0,0,0,2,0,0.139,0.262,0.278,0.54,657557
Travis Demeritte,27,651,Maj-NL,Atlanta,2,4,4,1,2,1,0,0,0,0,0,1,0,0,0,0,0,0,0.5,0.5,0.75,1.25,641513
Rafael Devers,25,650,Maj-AL,Boston,17,74,72,11,19,5,0,3,8,2,1,12,0,0,0,1,0,0,0.264,0.284,0.458,0.742,646240
Aledmys D\xc3\xadaz,31,650,Maj-AL,Houston,12,43,38,3,7,1,0,1,3,4,0,9,1,0,0,0,0,0,0.184,0.279,0.29,0.569,649557
El\xc3\xadas D\xc3\xadaz,31,650,Maj-NL,Colorado,14,49,47,3,11,3,0,1,5,2,0,8,0,0,0,2,0,0,0.234,0.265,0.362,0.627,553869
Yandy D\xc3\xadaz,30,651,Maj-AL,Tampa Bay,13,51,42,7,12,2,0,1,3,8,0,5,1,0,0,0,0,1,0.286,0.412,0.405,0.817,650490
Alex Dickerson,32,652,Maj-NL,Atlanta,10,28,25,2,2,0,0,1,2,3,0,7,0,0,0,3,0,0,0.08,0.179,0.2,0.379,543105
Corey Dickerson,33,650,Maj-NL,St. Louis,10,30,27,1,4,0,0,0,4,3,0,4,0,0,0,0,0,0,0.148,0.233,0.148,0.381,572816
Josh Donaldson,36,651,Maj-AL,New York,16,65,55,7,10,3,0,2,4,9,0,20,1,0,0,2,0,1,0.182,0.308,0.346,0.653,518626
Brendan Donovan,25,650,Maj-NL,St. Louis,1,0,0,1,0,0,0,0,0,0,0,0,0,0,0,0,0,0,,,,,680977
Hunter Dozier,30,651,Maj-AL,Kansas City,13,52,51,6,14,2,1,3,6,0,0,13,1,0,0,1,0,1,0.275,0.289,0.529,0.818,641531
Brandon Drury,29,652,Maj-NL,Cincinnati,12,37,34,2,7,2,0,2,5,3,0,8,0,0,0,0,0,1,0.206,0.27,0.441,0.712,592273
Mauricio Dub\xc3\xb3n,27,650,Maj-NL,San Francisco,10,21,20,3,3,1,0,0,2,0,0,2,0,0,1,0,0,0,0.15,0.143,0.2,0.343,643289
Matt Duffy,31,650,Maj-AL,Los Angeles,12,35,30,2,10,1,0,0,2,5,0,7,0,0,0,1,0,0,0.333,0.429,0.367,0.795,622110
Steven Duggar,28,654,Maj-NL,San Francisco,12,39,36,2,7,3,0,0,4,2,0,16,0,0,1,0,4,0,0.194,0.231,0.278,0.509,621453
Adam Duvall,33,651,Maj-NL,Atlanta,16,64,59,5,11,4,0,0,7,4,0,22,1,0,0,0,0,0,0.186,0.25,0.254,0.504,594807
Tommy Edman,27,650,Maj-NL,St. Louis,15,60,51,6,15,1,1,3,8,7,0,8,1,1,0,2,1,0,0.294,0.39,0.529,0.919,669242
Drew Ellis,26,665,Maj-NL,Arizona,3,8,8,1,1,0,0,0,1,0,0,4,0,0,0,0,0,0,0.125,0.125,0.125,0.25,656403
Adam Engel,30,652,Maj-AL,Chicago,12,28,24,3,5,1,0,0,0,4,0,7,0,0,0,0,2,0,0.208,0.321,0.25,0.571,641553
Alcides Escobar,35,651,Maj-NL,Washington,15,58,53,5,7,1,0,0,2,4,0,16,1,0,0,1,1,1,0.132,0.207,0.151,0.358,444876
Eduardo Escobar,33,650,Maj-NL,New York,17,73,60,8,16,7,1,1,5,13,0,14,0,0,0,0,0,0,0.267,0.397,0.467,0.864,500871
Santiago Espinal,27,650,Maj-AL,Toronto,17,59,53,6,12,4,0,2,8,4,1,14,1,0,1,1,2,0,0.226,0.288,0.415,0.703,669289
Thairo Estrada,26,650,Maj-NL,San Francisco,17,67,62,13,16,3,0,2,10,4,0,10,0,0,1,2,3,0,0.258,0.299,0.403,0.702,642731
Kyle Farmer,31,651,Maj-NL,Cincinnati,16,61,55,4,13,3,0,0,7,4,0,11,2,0,0,1,1,1,0.236,0.312,0.291,0.602,571657
David Fletcher,28,664,Maj-AL,Los Angeles,5,13,13,0,1,0,1,0,1,0,0,1,0,0,0,0,0,0,0.077,0.077,0.231,0.308,664058
Wilmer Flores,30,650,Maj-NL,San Francisco,15,62,56,8,15,4,0,1,8,5,0,9,0,0,1,0,0,0,0.268,0.323,0.393,0.716,527038
Lucius Fox,24,652,Maj-NL,Washington,6,16,14,1,0,0,0,0,1,0,0,8,0,2,0,0,0,0,0.0,0.0,0.0,0.0,665650
Jake Fraley,27,655,Maj-NL,Cincinnati,11,35,31,5,4,1,0,1,3,4,0,7,0,0,0,0,1,0,0.129,0.229,0.258,0.487,641584
Ty France,27,651,Maj-AL,Seattle,16,74,64,11,24,3,0,5,19,7,1,8,3,0,0,0,0,0,0.375,0.46,0.656,1.116,664034
Maikel Franco,29,651,Maj-NL,Washington,18,69,65,4,17,3,0,2,10,3,0,16,0,0,1,1,0,0,0.262,0.29,0.4,0.69,596748
Wander Franco,21,651,Maj-AL,Tampa Bay,15,66,63,12,22,7,1,3,10,2,0,5,0,0,1,0,1,0,0.349,0.364,0.635,0.999,677551
Adam Frazier,30,651,Maj-AL,Seattle,16,74,67,11,16,4,1,0,7,6,0,11,1,0,0,2,1,0,0.239,0.311,0.328,0.639,624428
Clint Frazier,27,656,Maj-NL,Chicago,10,24,21,3,3,2,0,0,0,2,0,5,1,0,0,1,0,0,0.143,0.25,0.238,0.488,640449
Freddie Freeman,32,650,Maj-NL,Los Angeles,16,73,64,12,21,4,0,3,9,7,0,12,1,0,1,1,1,0,0.328,0.397,0.531,0.929,518692
TJ Friedl,26,653,Maj-NL,Cincinnati,3,8,7,0,0,0,0,0,0,1,0,3,0,0,0,0,0,0,0.0,0.125,0.0,0.125,670770
Cam Gallagher,29,651,Maj-AL,Kansas City,6,13,12,0,3,2,0,0,2,1,0,4,0,0,0,0,0,0,0.25,0.308,0.417,0.724,595956
Joey Gallo,28,651,Maj-AL,New York,16,55,48,1,7,1,0,0,1,7,0,22,0,0,0,0,0,0,0.146,0.255,0.167,0.421,608336
Ben Gamel,30,651,Maj-NL,Pittsburgh,16,51,44,6,10,1,0,1,6,7,0,10,0,0,0,0,2,0,0.227,0.333,0.318,0.652,592325
Adolis Garc\xc3\xada,29,650,Maj-AL,Texas,16,69,60,10,12,3,0,2,10,6,1,18,2,0,1,0,2,1,0.2,0.29,0.35,0.64,666969
Aramis Garcia,29,652,Maj-NL,Cincinnati,7,18,17,2,5,1,0,0,0,1,0,7,0,0,0,0,0,0,0.294,0.333,0.353,0.686,605244
Avisa\xc3\xadl Garc\xc3\xada,31,651,Maj-NL,Miami,12,49,48,3,9,2,0,1,4,1,0,15,0,0,0,3,1,0,0.188,0.204,0.292,0.496,541645
Leury Garc\xc3\xada,31,651,Maj-AL,Chicago,12,43,41,2,4,1,0,0,0,2,0,10,0,0,0,0,0,0,0.098,0.14,0.122,0.262,544725
Kyle Garlick,30,651,Maj-AL,Minnesota,9,14,13,1,2,0,0,1,2,1,0,4,0,0,0,0,0,0,0.154,0.214,0.385,0.599,664247
Dustin Garneau,34,652,Maj-AL,Detroit,6,9,8,1,3,1,0,0,1,1,0,2,0,0,0,0,0,0,0.375,0.444,0.5,0.944,572863
Mitch Garver,31,650,Maj-AL,Texas,15,60,51,5,8,0,0,1,4,8,0,14,0,0,1,1,0,1,0.157,0.267,0.216,0.482,641598
Andr\xc3\xa9s Gim\xc3\xa9nez,23,650,Maj-AL,Cleveland,14,34,32,3,10,0,2,1,6,1,0,9,0,0,1,0,1,0,0.313,0.324,0.531,0.855,665926
Jos\xc3\xa9 Godoy,27,651,Maj-AL,Minnesota,1,5,3,2,0,0,0,0,0,2,0,2,0,0,0,0,0,0,0.0,0.4,0.0,0.4,608422
Paul Goldschmidt,34,650,Maj-NL,St. Louis,15,67,58,8,15,4,0,0,5,8,0,11,0,0,0,1,2,0,0.259,0.349,0.328,0.676,502671
Yan Gomes,34,653,Maj-NL,Chicago,6,20,19,2,5,2,0,0,1,1,0,5,0,0,0,1,0,0,0.263,0.3,0.368,0.668,543228
Luis Gonz\xc3\xa1lez,26,650,Maj-NL,San Francisco,4,14,13,2,4,0,0,1,5,0,0,2,0,0,1,0,0,1,0.308,0.286,0.539,0.824,670768
Marwin Gonz\xc3\xa1lez,33,651,Maj-AL,New York,6,6,5,2,1,0,0,0,0,1,0,2,0,0,0,0,0,0,0.2,0.333,0.2,0.533,503556
Niko Goodrum,30,652,Maj-AL,Houston,7,19,19,1,2,1,0,0,0,0,0,9,0,0,0,0,0,0,0.105,0.105,0.158,0.263,592348
Nick Gordon,26,651,Maj-AL,Minnesota,13,31,28,7,6,0,1,0,0,3,0,11,0,0,0,0,0,0,0.214,0.29,0.286,0.576,624503
Yasmani Grandal,33,651,Maj-AL,Chicago,12,48,44,1,6,1,0,1,5,3,0,9,0,0,1,0,0,0,0.136,0.188,0.227,0.415,518735
Didi Gregorius,32,656,Maj-NL,Philadelphia,11,38,35,2,10,3,0,0,3,1,0,6,2,0,0,0,0,0,0.286,0.342,0.371,0.714,544369
Randal Grichuk,30,650,Maj-NL,Colorado,11,46,40,7,15,3,0,2,9,3,0,6,2,0,1,1,1,0,0.375,0.435,0.6,1.035,545341
Trent Grisham,25,651,Maj-NL,San Diego,17,62,53,2,7,2,0,1,3,7,0,18,0,2,0,1,0,0,0.132,0.233,0.226,0.46,663757
Robbie Grossman,32,651,Maj-AL,Detroit,12,48,39,6,12,1,0,0,5,7,0,13,1,0,1,0,0,0,0.308,0.417,0.333,0.75,543257
Vladimir Guerrero Jr.,23,650,Maj-AL,Toronto,17,70,61,10,21,2,0,5,12,7,1,14,0,0,2,1,0,1,0.344,0.4,0.623,1.023,665489
Luis Guillorme,27,651,Maj-NL,New York,11,29,23,4,5,1,0,0,0,5,0,5,0,1,0,0,0,0,0.217,0.357,0.261,0.618,641645
Lourdes Gurriel Jr.,28,650,Maj-AL,Toronto,17,70,64,10,19,5,0,2,10,3,0,13,1,0,2,1,1,0,0.297,0.329,0.469,0.797,666971
Yuli Gurriel,38,650,Maj-AL,Houston,13,52,51,4,12,7,0,0,2,1,0,7,0,0,0,3,1,0,0.235,0.25,0.373,0.623,493329
Kelvin Guti\xc3\xa9rrez,27,651,Maj-AL,Baltimore,10,27,22,2,2,1,0,0,2,4,0,6,0,0,0,1,1,0,0.091,0.231,0.136,0.367,642721
Eric Haase,29,651,Maj-AL,Detroit,13,37,32,3,5,1,0,1,2,5,0,5,0,0,0,2,0,0,0.156,0.27,0.281,0.552,606992
Garrett Hampson,27,660,Maj-NL,Colorado,3,12,9,2,1,0,0,0,0,2,0,2,0,1,0,2,1,0,0.111,0.273,0.111,0.384,641658
Mitch Haniger,31,660,Maj-AL,Seattle,8,35,34,3,6,1,0,3,7,1,0,9,0,0,0,2,0,0,0.177,0.2,0.471,0.671,571745
Ian Happ,27,651,Maj-NL,Chicago,15,57,48,9,16,3,0,1,9,8,1,11,1,0,0,2,0,0,0.333,0.439,0.458,0.897,664023
Bryce Harper,29,650,Maj-NL,Philadelphia,17,74,65,14,15,6,0,3,13,6,0,20,1,0,2,5,1,0,0.231,0.297,0.462,0.759,547180
Josh Harrison,34,655,Maj-AL,Chicago,8,29,28,3,3,1,1,0,1,1,0,5,0,0,0,2,0,0,0.107,0.138,0.214,0.352,543281
Adam Haseley,26,651,Maj-AL,Chicago,5,12,10,0,2,0,0,0,0,2,0,2,0,0,0,0,0,0,0.2,0.333,0.2,0.533,656514
Ke\'Bryan Hayes,25,651,Maj-NL,Pittsburgh,15,59,52,6,17,5,0,0,4,7,0,10,0,0,0,0,2,1,0.327,0.407,0.423,0.83,663647
Austin Hays,26,651,Maj-AL,Baltimore,15,64,57,4,14,4,0,1,5,7,0,14,0,0,0,1,0,1,0.246,0.328,0.368,0.697,669720
Austin Hedges,29,650,Maj-AL,Cleveland,13,43,37,4,5,0,0,1,3,3,0,11,1,2,0,1,0,0,0.135,0.22,0.216,0.436,595978
Jonah Heim,27,651,Maj-AL,Texas,8,29,25,8,9,1,0,2,9,4,0,2,0,0,0,1,0,0,0.36,0.448,0.64,1.088,641680
Tyler Heineman,31,662,Maj-AL,Toronto,2,2,2,0,0,0,0,0,0,0,0,0,0,0,0,0,0,0,0.0,0.0,0.0,0.0,623168
Payton Henry,25,652,Maj-NL,Miami,6,13,11,1,0,0,0,0,1,1,0,3,1,0,0,0,0,0,0.0,0.154,0.0,0.154,668721
Guillermo Heredia,31,651,Maj-NL,Atlanta,12,22,19,4,3,1,0,1,2,3,0,7,0,0,0,1,0,0,0.158,0.273,0.368,0.641,628338
Michael Hermosillo,27,651,Maj-NL,Chicago,11,22,17,2,2,1,0,0,2,4,0,7,1,0,0,0,0,0,0.118,0.318,0.177,0.495,641684
C\xc3\xa9sar Hern\xc3\xa1ndez,32,651,Maj-NL,Washington,18,80,77,9,19,4,0,0,2,2,0,15,1,0,0,1,0,0,0.247,0.275,0.299,0.574,514917
Enrique Hern\xc3\xa1ndez,30,650,Maj-AL,Boston,16,73,65,10,12,6,0,1,7,8,0,16,0,0,0,3,0,0,0.185,0.274,0.323,0.597,571771
Teoscar Hern\xc3\xa1ndez,29,662,Maj-AL,Toronto,6,23,19,3,6,1,0,1,3,2,0,6,2,0,0,0,0,0,0.316,0.435,0.526,0.961,606192
Yadiel Hern\xc3\xa1ndez,34,651,Maj-NL,Washington,10,36,33,3,11,2,0,1,6,2,0,7,0,0,1,2,0,1,0.333,0.361,0.485,0.846,628450
Yonny Hern\xc3\xa1ndez,24,654,Maj-NL,Arizona,9,19,16,2,2,0,0,0,0,2,0,2,0,1,0,0,2,0,0.125,0.222,0.125,0.347,660634
Jos\xc3\xa9 Herrera,25,651,Maj-NL,Arizona,9,19,16,0,1,0,0,0,0,3,0,4,0,0,0,0,0,0,0.063,0.211,0.063,0.273,645444
Od\xc3\xbabel Herrera,30,651,Maj-NL,Philadelphia,3,6,6,1,2,0,1,0,0,0,0,2,0,0,0,0,0,0,0.333,0.333,0.667,1.0,546318
Jason Heyward,32,651,Maj-NL,Chicago,12,34,30,6,8,1,1,0,2,3,0,10,1,0,0,1,0,0,0.267,0.353,0.367,0.72,518792
Aaron Hicks,32,651,Maj-AL,New York,15,54,44,6,12,0,0,1,4,8,1,9,0,1,1,2,2,1,0.273,0.377,0.341,0.718,543305
Kyle Higashioka,32,652,Maj-AL,New York,12,36,33,2,4,1,0,0,1,1,0,8,0,1,1,1,0,0,0.121,0.143,0.152,0.294,543309
Derek Hill,26,652,Maj-AL,Detroit,1,4,4,0,1,0,0,0,0,0,0,1,0,0,0,0,0,0,0.25,0.25,0.25,0.5,656537
Sam Hilliard,28,652,Maj-NL,Colorado,10,25,22,3,6,1,0,0,2,3,0,9,0,0,0,0,0,1,0.273,0.36,0.318,0.678,656541
Keston Hiura,25,650,Maj-NL,Milwaukee,11,30,25,4,6,0,0,1,3,5,0,12,0,0,0,0,1,0,0.24,0.367,0.36,0.727,669374
Nico Hoerner,25,652,Maj-NL,Chicago,15,50,49,4,16,2,1,1,8,1,0,7,0,0,0,1,2,0,0.327,0.34,0.469,0.809,663538
Rhys Hoskins,29,650,Maj-NL,Philadelphia,17,68,56,10,13,4,1,1,4,12,0,19,0,0,0,3,0,0,0.232,0.368,0.393,0.761,656555
Eric Hosmer,32,651,Maj-NL,San Diego,15,58,56,5,21,6,0,0,5,2,0,10,0,0,0,2,0,0,0.375,0.397,0.482,0.879,543333
Cooper Hummel,27,650,Maj-NL,Arizona,15,41,33,4,5,1,0,2,6,8,0,10,0,0,0,1,1,0,0.152,0.317,0.364,0.681,669450
Andy Ib\xc3\xa1\xc3\xb1ez,29,650,Maj-AL,Texas,14,47,46,6,10,2,0,1,5,1,0,9,0,0,0,0,1,0,0.217,0.234,0.326,0.56,628451
Jos\xc3\xa9 Iglesias,32,650,Maj-NL,Colorado,12,43,39,3,10,2,0,0,2,2,0,6,2,0,0,2,0,0,0.256,0.326,0.308,0.633,578428
Jonathan India,25,661,Maj-NL,Cincinnati,7,30,29,3,7,1,0,0,2,1,0,6,0,0,0,0,0,1,0.241,0.267,0.276,0.543,663697
Kyle Isbel,25,665,Maj-AL,Kansas City,2,1,1,1,0,0,0,0,0,0,0,0,0,0,0,0,0,0,0.0,0.0,0.0,0.0,664728
Drew Jackson,28,655,Maj-AL,Oakland,3,3,3,0,0,0,0,0,0,0,0,1,0,0,0,0,0,0,0.0,0.0,0.0,0.0,623515
Travis Jankowski,31,650,Maj-NL,New York,11,25,22,4,7,0,0,0,1,3,0,2,0,0,0,0,2,0,0.318,0.4,0.318,0.718,608671
Danny Jansen,27,665,Maj-AL,Toronto,3,8,7,3,4,1,0,2,2,1,0,0,0,0,0,0,0,0,0.571,0.625,1.571,2.196,643376
Ryan Jeffers,25,652,Maj-AL,Minnesota,12,41,36,4,7,2,0,1,1,5,0,13,0,0,0,1,0,0,0.194,0.293,0.333,0.626,680777
Eloy Jim\xc3\xa9nez,25,652,Maj-AL,Chicago,11,39,36,2,8,1,0,1,7,2,0,10,0,0,1,0,0,0,0.222,0.256,0.333,0.59,650391
Connor Joe,29,650,Maj-NL,Colorado,15,68,59,11,19,4,1,4,6,8,0,12,1,0,0,1,1,0,0.322,0.412,0.627,1.039,656582
Aaron Judge,30,651,Maj-AL,New York,16,66,57,8,15,5,0,3,5,8,0,15,0,0,0,2,1,0,0.263,0.354,0.509,0.863,592450
Gosuke Katoh,27,650,Maj-AL,Toronto,5,3,1,1,0,0,0,0,0,2,0,0,0,0,0,0,0,0,0.0,0.667,0.0,0.667,641741
Jarred Kelenic,22,651,Maj-AL,Seattle,15,58,52,5,8,1,1,2,7,5,0,22,0,0,1,0,3,1,0.154,0.224,0.327,0.551,672284
Carson Kelly,27,650,Maj-NL,Arizona,13,41,39,3,4,1,0,0,0,1,0,14,1,0,0,2,0,0,0.103,0.146,0.128,0.275,608348
Tony Kemp,30,651,Maj-AL,Oakland,16,65,56,7,15,1,0,0,2,9,0,6,0,0,0,1,2,1,0.268,0.369,0.286,0.655,643393
Max Kepler,29,651,Maj-AL,Minnesota,16,61,50,4,11,1,0,1,3,9,0,10,2,0,0,2,1,0,0.22,0.361,0.3,0.661,596146
Kevin Kiermaier,32,651,Maj-AL,Tampa Bay,13,41,37,5,6,2,0,1,5,3,0,14,1,0,0,0,0,0,0.162,0.244,0.297,0.541,595281
Ha-Seong Kim,26,651,Maj-NL,San Diego,12,39,33,8,6,0,1,1,3,5,0,7,1,0,0,0,1,0,0.182,0.308,0.333,0.641,673490
Isiah Kiner-Falefa,27,651,Maj-AL,New York,15,54,50,8,15,4,0,0,5,3,0,10,0,0,1,3,2,0,0.3,0.333,0.38,0.713,643396
Alex Kirilloff,24,663,Maj-AL,Minnesota,5,18,17,1,1,0,0,0,0,0,0,7,0,0,0,0,0,0,0.059,0.059,0.059,0.118,666135
Alejandro Kirk,23,650,Maj-AL,Toronto,15,52,44,1,10,0,0,0,1,7,1,4,0,0,1,3,0,0,0.227,0.327,0.227,0.554,672386
Andrew Knapp,30,652,Maj-NL,Pittsburgh,5,16,14,1,1,1,0,0,2,2,0,2,0,0,0,0,0,0,0.071,0.188,0.143,0.33,595284
Andrew Knizner,27,650,Maj-NL,St. Louis,7,25,22,2,7,2,0,1,6,3,0,8,0,0,0,1,0,0,0.318,0.4,0.546,0.946,668800
Mark Kolozsvary,26,651,Maj-NL,Cincinnati,2,3,3,0,0,0,0,0,0,0,0,2,0,0,0,0,0,0,0.0,0.0,0.0,0.0,656627
Steven Kwan,24,651,Maj-AL,Cleveland,14,57,44,10,15,5,1,0,7,9,0,6,2,0,2,0,0,1,0.341,0.456,0.5,0.956,680757
Trevor Larnach,25,651,Maj-AL,Minnesota,11,37,34,1,8,3,0,0,4,2,0,11,0,0,1,0,0,0,0.235,0.27,0.324,0.594,663616
Bryan Lavastida,23,651,Maj-AL,Cleveland,6,15,12,0,1,0,0,0,0,3,0,4,0,0,0,0,0,0,0.083,0.267,0.083,0.35,681526
DJ LeMahieu,33,651,Maj-AL,New York,15,58,51,5,17,3,0,2,7,5,0,10,2,0,0,1,0,1,0.333,0.414,0.51,0.924,518934
Francisco Lindor,28,650,Maj-NL,New York,18,80,68,12,20,4,0,4,12,10,0,11,1,0,1,0,3,2,0.294,0.388,0.529,0.917,596019
Tim Locastro,29,651,Maj-AL,New York,6,4,4,3,1,0,0,1,2,0,0,2,0,0,0,0,1,0,0.25,0.25,1.0,1.25,641796
Christian Lopes,29,651,Maj-AL,Oakland,3,6,5,0,0,0,0,0,0,1,0,2,0,0,0,0,0,0,0.0,0.167,0.0,0.167,547173
Alejo L\xc3\xb3pez,26,651,Maj-NL,Cincinnati,7,21,19,2,5,0,0,0,0,1,0,2,1,0,0,0,0,0,0.263,0.333,0.263,0.597,664670
Nicky Lopez,27,651,Maj-AL,Kansas City,14,48,44,4,13,3,0,0,2,2,0,5,1,1,0,1,0,0,0.296,0.34,0.364,0.704,670032
Brandon Lowe,27,651,Maj-AL,Tampa Bay,16,67,58,10,11,1,0,3,8,8,0,14,0,0,1,1,0,0,0.19,0.284,0.362,0.646,664040
Josh Lowe,24,652,Maj-AL,Tampa Bay,14,52,47,6,8,1,2,0,3,5,1,21,0,0,0,1,1,0,0.17,0.25,0.277,0.527,666139
Nathaniel Lowe,26,650,Maj-AL,Texas,16,67,63,6,24,4,0,1,9,4,0,11,0,0,0,2,0,0,0.381,0.418,0.492,0.91,663993
Jed Lowrie,38,658,Maj-AL,Oakland,7,23,20,4,5,0,0,1,4,3,0,4,0,0,0,0,1,0,0.25,0.348,0.4,0.748,476704
Jordan Luplow,28,650,Maj-NL,Arizona,1,1,1,0,0,0,0,0,0,0,0,0,0,0,0,0,0,0,0.0,0.0,0.0,0.0,656669
Gavin Lux,24,650,Maj-NL,Los Angeles,13,49,40,10,10,1,1,1,5,8,0,8,0,0,1,0,2,0,0.25,0.367,0.4,0.767,666158
Manny Machado,29,651,Maj-NL,San Diego,17,71,62,13,21,5,0,3,10,8,1,14,1,0,0,2,3,0,0.339,0.423,0.565,0.987,592518
Nick Madrigal,25,651,Maj-NL,Chicago,13,52,47,5,10,2,0,0,1,4,0,5,1,0,0,4,0,0,0.213,0.289,0.255,0.544,663611
Mart\xc3\xadn Maldonado,35,651,Maj-AL,Houston,11,40,31,6,2,1,0,1,4,7,0,11,0,1,1,1,0,0,0.065,0.231,0.194,0.424,455117
Trey Mancini,30,651,Maj-AL,Baltimore,16,66,59,3,14,3,0,1,6,5,0,16,0,0,2,0,0,0,0.237,0.288,0.339,0.627,641820
Manuel Margot,27,651,Maj-AL,Tampa Bay,12,46,42,2,12,1,0,0,7,4,0,7,0,0,0,0,1,0,0.286,0.348,0.31,0.657,622534
Jake Marisnick,31,651,Maj-NL,Pittsburgh,13,32,30,2,6,1,0,0,1,1,0,9,0,1,0,1,0,1,0.2,0.226,0.233,0.459,545350
Brandon Marsh,24,652,Maj-AL,Los Angeles,13,45,36,7,11,3,0,2,13,5,0,9,2,0,2,0,1,2,0.306,0.4,0.556,0.956,669016
Ketel Marte,28,650,Maj-NL,Arizona,17,71,64,3,10,5,0,0,5,4,0,19,2,0,1,1,1,0,0.156,0.225,0.234,0.46,606466
Starling Marte,33,650,Maj-NL,New York,16,74,68,11,16,2,0,2,13,3,0,12,3,0,0,2,4,2,0.235,0.297,0.353,0.65,516782
J.D. Martinez,34,650,Maj-AL,Boston,13,52,45,6,12,6,0,1,7,5,0,13,1,0,1,3,0,0,0.267,0.346,0.467,0.813,502110
Jorge Mateo,27,651,Maj-AL,Baltimore,15,57,52,3,12,3,0,0,3,4,0,18,0,1,0,0,7,0,0.231,0.286,0.289,0.574,622761
J.J. Matijevic,26,653,Maj-AL,Houston,1,1,1,0,0,0,0,0,0,0,0,1,0,0,0,0,0,0,0.0,0.0,0.0,0.0,656695
Jack Mayfield,31,651,Maj-AL,Los Angeles,9,31,28,5,9,1,1,1,3,2,0,5,1,0,0,1,0,0,0.321,0.387,0.536,0.923,608686
James McCann,32,650,Maj-NL,New York,12,38,32,4,4,1,0,1,4,2,0,6,3,0,1,1,1,0,0.125,0.237,0.25,0.487,543510
Jake McCarthy,24,651,Maj-NL,Arizona,13,28,25,3,3,0,0,1,1,2,0,12,0,1,0,0,0,0,0.12,0.185,0.24,0.425,664983
Chas McCormick,27,650,Maj-AL,Houston,12,43,42,1,12,3,0,0,2,1,0,10,0,0,0,0,0,1,0.286,0.302,0.357,0.659,676801
Andrew McCutchen,35,650,Maj-NL,Milwaukee,16,66,59,4,14,4,0,0,6,4,0,14,1,0,2,0,2,1,0.237,0.288,0.305,0.593,457705
Mickey McDonald,27,651,Maj-AL,Oakland,3,6,4,0,0,0,0,0,0,2,0,3,0,0,0,0,0,0,0.0,0.333,0.0,0.333,676782
Reese McGuire,27,652,Maj-AL,Chicago,7,25,23,2,5,1,0,0,0,2,0,6,0,0,0,0,0,0,0.217,0.28,0.261,0.541,624512
Ryan McKenna,25,651,Maj-AL,Baltimore,13,12,10,3,2,1,0,0,1,1,0,7,0,0,1,0,0,0,0.2,0.25,0.3,0.55,663630
Billy McKinney,27,651,Maj-AL,Oakland,15,41,37,3,4,0,0,1,3,4,1,10,0,0,0,0,0,0,0.108,0.195,0.189,0.384,641856
Zach McKinstry,27,651,Maj-NL,Los Angeles,1,1,1,0,0,0,0,0,0,0,0,0,0,0,0,0,0,0,0.0,0.0,0.0,0.0,656716
Ryan McMahon,27,650,Maj-NL,Colorado,15,61,54,6,13,6,0,1,8,4,0,16,3,0,0,0,0,1,0.241,0.328,0.407,0.735,641857
Jeff McNeil,30,650,Maj-NL,New York,16,63,57,10,18,4,1,1,7,5,0,7,1,0,0,0,1,0,0.316,0.381,0.474,0.855,643446
Austin Meadows,27,651,Maj-AL,Detroit,13,54,45,8,15,1,2,0,9,8,0,10,1,0,0,0,0,1,0.333,0.444,0.444,0.889,640457
Francisco Mej\xc3\xada,26,655,Maj-AL,Tampa Bay,7,24,23,5,8,1,0,2,10,0,0,7,0,0,1,0,0,0,0.348,0.333,0.652,0.986,642336
Danny Mendick,28,651,Maj-AL,Chicago,8,16,14,3,4,2,0,1,3,2,0,5,0,0,0,1,0,0,0.286,0.375,0.643,1.018,664901
\xc3\x93scar Mercado,27,651,Maj-AL,Cleveland,15,51,51,5,10,2,1,3,11,0,0,13,0,0,0,2,0,0,0.196,0.196,0.451,0.647,640458
Whit Merrifield,33,651,Maj-AL,Kansas City,14,61,59,1,8,2,0,0,2,2,0,8,0,0,0,2,3,0,0.136,0.164,0.17,0.333,593160
Brad Miller,32,650,Maj-AL,Texas,13,41,38,4,8,1,0,2,8,2,0,8,0,0,1,0,1,0,0.211,0.244,0.395,0.639,543543
Owen Miller,25,650,Maj-AL,Cleveland,11,39,33,9,15,7,0,2,7,5,0,6,0,0,1,0,0,0,0.455,0.513,0.849,1.361,680911
Yadier Molina,39,650,Maj-NL,St. Louis,10,32,32,0,5,0,0,0,0,0,0,4,0,0,0,1,0,0,0.156,0.156,0.156,0.313,425877
Adalberto Mondes\xc3\xad,26,651,Maj-AL,Kansas City,14,51,48,3,6,0,0,0,2,3,0,20,0,0,0,2,5,0,0.125,0.177,0.125,0.302,609275
Dylan Moore,29,652,Maj-AL,Seattle,6,8,6,0,1,0,0,0,1,2,0,1,0,0,0,0,0,0,0.167,0.375,0.167,0.542,664238
Colin Moran,29,651,Maj-NL,Cincinnati,10,31,27,1,6,1,0,0,3,3,0,8,0,0,1,1,0,0,0.222,0.29,0.259,0.55,592567
Ryan Mountcastle,25,651,Maj-AL,Baltimore,16,68,65,6,16,1,0,1,7,2,0,19,1,0,0,1,1,0,0.246,0.279,0.308,0.587,663624
Mike Moustakas,33,658,Maj-NL,Cincinnati,9,32,31,2,4,0,0,0,1,0,0,13,0,0,1,0,0,0,0.129,0.125,0.129,0.254,519058
Cedric Mullins,27,651,Maj-AL,Baltimore,16,71,61,7,13,3,1,2,8,6,0,17,3,1,0,0,3,1,0.213,0.314,0.393,0.708,656775
Max Muncy,31,650,Maj-NL,Los Angeles,16,67,54,6,8,3,0,2,9,12,0,14,1,0,0,0,0,0,0.148,0.313,0.315,0.628,571970
Sean Murphy,27,651,Maj-AL,Oakland,17,71,66,10,16,7,1,3,11,2,0,22,2,0,1,2,0,0,0.242,0.282,0.515,0.797,669221
Tom Murphy,31,652,Maj-AL,Seattle,7,24,19,8,9,1,0,1,1,5,0,6,0,0,0,1,0,0,0.474,0.583,0.684,1.268,608596
S\xc3\xadmon Muzziotti,23,655,Maj-NL,Philadelphia,9,9,7,0,1,0,0,0,0,0,0,2,1,1,0,0,0,0,0.143,0.25,0.143,0.393,665922
Wil Myers,31,651,Maj-NL,San Diego,14,56,52,3,10,3,0,0,7,3,0,18,0,0,1,1,0,0,0.192,0.232,0.25,0.482,571976
Tyler Naquin,31,651,Maj-NL,Cincinnati,11,44,40,5,10,4,0,1,6,4,0,10,0,0,0,0,1,0,0.25,0.318,0.425,0.743,571980
Omar Narv\xc3\xa1ez,30,651,Maj-NL,Milwaukee,10,37,33,3,7,1,0,1,3,2,1,12,2,0,0,0,0,0,0.212,0.297,0.333,0.631,553882
Josh Naylor,25,650,Maj-AL,Cleveland,8,30,29,4,10,2,0,1,5,1,0,3,0,0,0,4,0,0,0.345,0.367,0.517,0.884,647304
Sheldon Neuse,27,651,Maj-AL,Oakland,15,54,48,6,15,1,0,1,8,4,0,14,2,0,0,1,1,0,0.313,0.389,0.396,0.785,641914
Kevin Newman,28,651,Maj-NL,Pittsburgh,13,49,45,3,10,4,1,0,6,4,0,6,0,0,0,2,1,1,0.222,0.286,0.356,0.641,621028
Tom\xc3\xa1s Nido,28,650,Maj-NL,New York,9,27,25,1,4,0,0,0,2,0,0,11,0,1,1,2,0,0,0.16,0.154,0.16,0.314,621512
Brandon Nimmo,29,650,Maj-NL,New York,14,57,48,10,14,2,1,3,5,8,0,11,0,1,0,1,0,0,0.292,0.393,0.563,0.955,607043
Austin Nola,32,651,Maj-NL,San Diego,14,57,48,7,11,0,0,1,8,3,0,8,3,0,3,0,1,0,0.229,0.298,0.292,0.59,543592
Lars Nootbaar,24,652,Maj-NL,St. Louis,7,19,16,3,2,0,0,0,1,3,0,9,0,0,0,0,1,0,0.125,0.263,0.125,0.388,663457
Dom Nu\xc3\xb1ez,27,652,Maj-NL,Colorado,5,13,9,2,2,1,0,0,1,3,0,3,0,0,1,0,0,0,0.222,0.385,0.333,0.718,624513
Ryan O\'Hearn,28,651,Maj-AL,Kansas City,5,8,6,0,0,0,0,0,1,2,0,1,0,0,0,1,0,0,0.0,0.25,0.0,0.25,656811
Tyler O\'Neill,27,650,Maj-NL,St. Louis,14,60,51,8,11,2,0,1,10,7,0,13,0,0,2,3,2,0,0.216,0.3,0.314,0.614,641933
Rougned Odor,28,651,Maj-AL,Baltimore,13,41,35,2,5,1,0,0,4,4,0,12,1,0,1,1,0,0,0.143,0.244,0.171,0.415,596059
Shohei Ohtani,27,650,Maj-AL,Los Angeles,17,77,71,12,16,3,0,3,9,6,1,24,0,0,0,1,3,2,0.225,0.286,0.394,0.68,660271
Edward Olivares,26,651,Maj-AL,Kansas City,5,8,8,1,1,1,0,0,1,0,0,2,0,0,0,0,1,0,0.125,0.125,0.25,0.375,658668
Matt Olson,28,651,Maj-NL,Atlanta,17,76,62,10,22,8,0,2,6,13,0,15,0,0,1,1,0,0,0.355,0.461,0.581,1.041,621566
Rafael Ortega,31,651,Maj-NL,Chicago,16,45,39,5,8,3,0,0,1,5,0,8,0,1,0,0,0,2,0.205,0.296,0.282,0.578,542364
Chris Owings,30,651,Maj-AL,Baltimore,7,15,12,2,2,0,0,0,0,3,0,9,0,0,0,0,0,0,0.167,0.333,0.167,0.5,572008
Marcell Ozuna,31,651,Maj-NL,Atlanta,17,71,66,6,18,5,0,4,10,3,0,11,1,0,1,3,0,0,0.273,0.31,0.53,0.84,542303
Cristian Pache,23,651,Maj-AL,Oakland,17,55,54,7,11,1,0,2,6,1,0,13,0,0,0,0,0,0,0.204,0.218,0.333,0.552,665506
Richie Palacios,25,650,Maj-AL,Cleveland,1,3,3,0,2,0,0,0,0,0,0,0,0,0,0,0,0,0,0.667,0.667,0.667,1.333,680700
Hoy Park,26,654,Maj-NL,Pittsburgh,5,15,14,2,3,1,0,0,2,1,0,7,0,0,0,0,0,0,0.214,0.267,0.286,0.552,660829
Joc Pederson,30,650,Maj-NL,San Francisco,14,51,47,11,17,2,0,6,10,2,0,10,1,0,1,1,1,1,0.362,0.392,0.787,1.179,592626
Jeremy Pe\xc3\xb1a,24,650,Maj-AL,Houston,15,62,54,10,13,3,1,3,6,5,0,13,1,0,1,1,0,0,0.241,0.312,0.5,0.812,665161
David Peralta,34,650,Maj-NL,Arizona,17,61,55,2,12,4,0,1,3,5,1,13,0,0,1,0,0,1,0.218,0.279,0.346,0.624,444482
Geraldo Perdomo,22,650,Maj-NL,Arizona,15,44,34,4,6,2,1,0,0,8,0,13,2,0,0,0,1,1,0.177,0.364,0.294,0.658,672695
Joe Perez,22,667,Maj-AL,Houston,1,1,1,0,0,0,0,0,0,0,0,1,0,0,0,0,0,0,0.0,0.0,0.0,0.0,669309
Roberto P\xc3\xa9rez,33,651,Maj-NL,Pittsburgh,13,42,35,5,8,1,0,1,4,7,0,15,0,0,0,1,0,0,0.229,0.357,0.343,0.7,547379
Salvador P\xc3\xa9rez,32,651,Maj-AL,Kansas City,14,56,52,8,13,3,0,5,8,2,0,13,2,0,0,1,0,0,0.25,0.304,0.596,0.9,521692
Jace Peterson,32,651,Maj-NL,Milwaukee,14,40,34,4,5,0,0,0,1,6,0,7,0,0,0,0,2,0,0.147,0.275,0.147,0.422,607054
Tommy Pham,34,651,Maj-NL,Cincinnati,14,55,48,6,8,2,0,2,3,7,0,14,0,0,0,4,1,0,0.167,0.273,0.333,0.606,502054
Brett Phillips,28,652,Maj-AL,Tampa Bay,10,28,27,2,5,0,0,1,2,1,0,13,0,0,0,0,2,0,0.185,0.214,0.296,0.511,621433
Manny Pi\xc3\xb1a,35,651,Maj-NL,Atlanta,5,17,14,1,2,0,0,0,2,1,0,1,1,0,1,0,0,0,0.143,0.235,0.143,0.378,444489
Chad Pinder,30,658,Maj-AL,Oakland,10,38,38,6,9,2,0,2,6,0,0,15,0,0,0,0,1,0,0.237,0.237,0.447,0.684,640461
Stephen Piscotty,31,651,Maj-AL,Oakland,7,25,21,2,6,1,0,1,3,3,1,5,1,0,0,0,1,0,0.286,0.4,0.476,0.876,572039
Kevin Plawecki,31,650,Maj-AL,Boston,5,15,12,1,1,0,0,0,1,1,0,4,0,1,1,0,0,0,0.083,0.143,0.083,0.226,608700
Nick Plummer,25,658,Maj-NL,New York,2,1,1,0,0,0,0,0,0,0,0,0,0,0,0,0,0,0,0.0,0.0,0.0,0.0,663911
Jorge Polanco,28,651,Maj-AL,Minnesota,15,64,55,6,11,2,0,2,8,9,0,18,0,0,0,0,0,2,0.2,0.313,0.346,0.658,593871
AJ Pollock,34,651,Maj-AL,Chicago,4,16,15,1,4,1,0,0,1,1,0,6,0,0,0,1,0,0,0.267,0.313,0.333,0.646,572041
Jurickson Profar,29,651,Maj-NL,San Diego,16,61,49,9,11,3,0,4,11,10,0,11,1,0,1,2,1,0,0.225,0.361,0.531,0.891,595777
Albert Pujols,42,651,Maj-NL,St. Louis,8,29,26,5,7,1,0,2,4,2,0,5,1,0,0,1,0,1,0.269,0.345,0.539,0.883,405395
Cal Raleigh,25,651,Maj-AL,Seattle,8,26,22,1,2,0,0,1,1,4,0,7,0,0,0,0,0,0,0.091,0.231,0.227,0.458,663728
Harold Ram\xc3\xadrez,27,651,Maj-AL,Tampa Bay,9,26,23,3,7,3,0,0,3,1,0,4,1,0,1,0,0,1,0.304,0.346,0.435,0.781,623912
Jos\xc3\xa9 Ram\xc3\xadrez,29,650,Maj-AL,Cleveland,16,69,60,7,21,5,1,4,20,7,0,7,1,0,1,1,0,1,0.35,0.42,0.667,1.087,608070
Heliot Ramos,22,662,Maj-NL,San Francisco,4,7,6,2,2,0,0,0,0,1,0,2,0,0,0,1,0,0,0.333,0.429,0.333,0.762,671218
J.T. Realmuto,31,650,Maj-NL,Philadelphia,16,66,62,11,19,4,0,1,3,4,0,16,0,0,0,0,1,0,0.307,0.349,0.419,0.768,592663
Rob Refsnyder,31,651,Maj-AL,Boston,2,5,4,0,1,1,0,0,0,1,0,0,0,0,0,0,0,0,0.25,0.4,0.5,0.9,608701
Anthony Rendon,32,650,Maj-AL,Los Angeles,14,61,49,6,10,1,0,2,6,10,0,13,1,0,1,3,2,0,0.204,0.344,0.347,0.691,543685
Hunter Renfroe,30,650,Maj-NL,Milwaukee,16,62,57,5,13,4,0,2,5,4,0,19,0,0,1,1,0,0,0.228,0.274,0.404,0.678,592669
Franmil Reyes,26,650,Maj-AL,Cleveland,14,61,58,4,10,0,0,2,5,3,0,23,0,0,0,4,0,0,0.172,0.213,0.276,0.489,614177
V\xc3\xadctor Reyes,27,654,Maj-AL,Detroit,10,25,23,1,6,1,1,0,4,2,0,4,0,0,0,1,0,1,0.261,0.32,0.391,0.711,622682
Bryan Reynolds,27,651,Maj-NL,Pittsburgh,15,64,58,4,11,0,1,2,3,6,0,17,0,0,0,2,0,0,0.19,0.266,0.328,0.593,668804
Matt Reynolds,31,659,Maj-NL,New York,1,0,0,0,0,0,0,0,0,0,0,0,0,0,0,0,0,0,,,,,608703
JT Riddle,30,651,Maj-NL,Cincinnati,2,4,4,0,1,0,0,0,0,0,0,1,0,0,0,0,0,0,0.25,0.25,0.25,0.5,595375
Austin Riley,25,651,Maj-NL,Atlanta,16,71,61,10,18,6,0,4,9,8,0,16,2,0,0,2,1,0,0.295,0.394,0.59,0.985,663586
Edwin R\xc3\xados,28,651,Maj-NL,Los Angeles,6,18,17,3,4,0,0,1,2,1,0,8,0,0,0,1,0,0,0.235,0.278,0.412,0.69,621458
Alfonso Rivas,25,651,Maj-NL,Chicago,5,13,12,2,6,1,0,1,6,1,1,2,0,0,0,0,0,0,0.5,0.539,0.833,1.372,663845
Anthony Rizzo,32,651,Maj-AL,New York,16,68,56,9,14,3,0,5,12,8,1,10,4,0,0,0,2,0,0.25,0.382,0.571,0.954,519203
Luis Robert Jr.,24,654,Maj-AL,Chicago,11,45,44,7,9,2,0,2,3,1,0,6,0,0,0,0,5,1,0.205,0.222,0.386,0.609,673357
V\xc3\xadctor Robles,25,652,Maj-NL,Washington,15,46,40,4,6,3,0,0,4,2,0,15,1,3,0,0,0,0,0.15,0.209,0.225,0.434,645302
Brendan Rodgers,25,650,Maj-NL,Colorado,13,54,48,3,4,1,0,0,1,5,0,16,0,0,1,3,0,0,0.083,0.167,0.104,0.271,663898
Julio Rodr\xc3\xadguez,21,651,Maj-AL,Seattle,15,62,56,7,11,3,0,0,5,6,1,25,0,0,0,1,6,0,0.196,0.274,0.25,0.524,677594
Jos\xc3\xa9 Rojas,29,661,Maj-AL,Los Angeles,6,20,20,1,3,2,0,0,1,0,0,6,0,0,0,0,0,0,0.15,0.15,0.25,0.4,670351
Miguel Rojas,33,653,Maj-NL,Miami,12,45,43,3,8,1,1,0,2,2,1,6,0,0,0,0,0,0,0.186,0.222,0.256,0.478,500743
Amed Rosario,26,650,Maj-AL,Cleveland,16,68,63,7,15,2,1,0,5,5,0,13,0,0,0,1,1,1,0.238,0.294,0.302,0.596,642708
Eddie Rosario,30,651,Maj-NL,Atlanta,15,49,44,4,3,1,0,0,0,5,0,10,0,0,0,0,0,0,0.068,0.163,0.091,0.254,592696
Darin Ruf,35,650,Maj-NL,San Francisco,17,73,61,6,10,2,0,0,3,11,0,19,1,0,0,0,0,0,0.164,0.301,0.197,0.498,573131
Keibert Ruiz,23,651,Maj-NL,Washington,14,55,53,3,14,4,0,0,4,0,0,6,1,0,1,1,0,0,0.264,0.273,0.34,0.612,660688
Gary S\xc3\xa1nchez,29,655,Maj-AL,Minnesota,10,40,37,2,8,3,0,1,8,2,0,13,1,0,0,1,1,0,0.216,0.275,0.378,0.653,596142
Jes\xc3\xbas S\xc3\xa1nchez,24,651,Maj-NL,Miami,14,62,58,9,18,2,2,3,9,3,0,17,1,0,0,3,0,0,0.31,0.355,0.569,0.924,660821
Reiver Sanmartin,26,656,Maj-NL,Cincinnati,1,2,2,0,0,0,0,0,0,0,0,1,0,0,0,0,0,0,0.0,0.0,0.0,0.0,665665
Miguel San\xc3\xb3,29,651,Maj-AL,Minnesota,15,58,48,1,4,0,0,1,3,8,0,17,1,0,1,0,1,0,0.083,0.224,0.146,0.37,593934
Carlos Santana,36,651,Maj-AL,Kansas City,12,48,40,4,4,1,0,1,3,8,0,5,0,0,0,0,0,0,0.1,0.25,0.2,0.45,467793
Anthony Santander,27,651,Maj-AL,Baltimore,16,67,50,6,12,2,0,1,2,13,1,13,4,0,0,0,0,1,0.24,0.433,0.34,0.773,623993
Jonathan Schoop,30,651,Maj-AL,Detroit,15,62,58,4,9,2,0,1,5,3,0,10,1,0,0,1,0,0,0.155,0.21,0.241,0.451,570731
Kyle Schwarber,29,650,Maj-NL,Philadelphia,16,69,62,9,11,3,0,4,11,6,0,22,1,0,0,3,0,0,0.177,0.261,0.419,0.68,656941
Frank Schwindel,30,651,Maj-NL,Chicago,15,61,58,5,14,3,0,2,9,3,0,9,0,0,0,2,0,0,0.241,0.279,0.397,0.675,643524
Corey Seager,28,650,Maj-AL,Texas,15,68,62,6,16,1,0,1,9,5,1,11,0,0,1,1,0,0,0.258,0.309,0.323,0.631,608369
Jean Segura,32,650,Maj-NL,Philadelphia,13,54,49,6,13,2,0,2,3,4,0,6,1,0,0,1,1,0,0.265,0.333,0.429,0.762,516416
Marcus Semien,31,650,Maj-AL,Texas,16,73,64,9,12,4,0,0,6,7,0,15,0,0,2,0,2,0,0.188,0.26,0.25,0.51,543760
Nick Senzel,27,651,Maj-NL,Cincinnati,10,33,31,1,5,2,0,0,2,1,0,8,0,0,0,2,0,1,0.161,0.188,0.226,0.413,669222
Travis Shaw,32,651,Maj-AL,Boston,6,17,17,0,0,0,0,0,0,0,0,6,0,0,0,0,0,0,0.0,0.0,0.0,0.0,543768
Gavin Sheets,26,651,Maj-AL,Chicago,11,39,37,3,10,1,0,1,2,1,0,9,1,0,0,1,0,0,0.27,0.308,0.378,0.686,657757
Jos\xc3\xa9 Siri,26,651,Maj-AL,Houston,12,30,27,5,6,1,0,1,3,2,0,10,1,0,0,0,1,1,0.222,0.3,0.37,0.67,642350
Austin Slater,29,650,Maj-NL,San Francisco,14,32,28,5,6,1,0,1,6,4,0,10,0,0,0,0,1,0,0.214,0.313,0.357,0.67,596103
Dominic Smith,27,650,Maj-NL,New York,15,35,29,3,6,1,0,0,4,3,0,11,2,0,1,0,0,0,0.207,0.314,0.241,0.556,642086
Kevin Smith,25,657,Maj-AL,Oakland,11,33,31,3,5,2,0,0,1,2,0,10,0,0,0,1,0,0,0.161,0.212,0.226,0.438,675656
Pavin Smith,26,650,Maj-NL,Arizona,16,55,46,3,12,3,0,0,2,7,0,13,1,0,1,0,0,0,0.261,0.364,0.326,0.69,656976
Will Smith,27,650,Maj-NL,Los Angeles,12,46,40,8,10,2,0,2,8,5,0,7,1,0,0,0,0,0,0.25,0.348,0.45,0.798,669257
Nick Solak,27,650,Maj-AL,Texas,12,37,33,7,8,0,0,2,3,2,0,8,2,0,0,0,0,1,0.242,0.324,0.424,0.749,669256
Jorge Soler,30,651,Maj-NL,Miami,15,67,58,5,11,3,0,1,3,8,1,18,1,0,0,1,0,1,0.19,0.299,0.293,0.592,624585
Edmundo Sosa,26,650,Maj-NL,St. Louis,4,17,16,2,3,0,0,0,0,0,0,8,1,0,0,1,0,0,0.188,0.235,0.188,0.423,624641
Juan Soto,23,651,Maj-NL,Washington,18,79,62,11,15,3,0,3,3,16,1,11,1,0,0,0,0,0,0.242,0.405,0.436,0.841,665742
George Springer,32,650,Maj-AL,Toronto,16,67,61,11,17,5,0,3,7,3,0,16,2,0,1,0,1,0,0.279,0.328,0.508,0.837,543807
Jacob Stallings,32,651,Maj-NL,Miami,14,45,41,2,7,1,0,1,4,3,0,13,0,0,1,2,0,0,0.171,0.222,0.268,0.491,607732
Giancarlo Stanton,32,652,Maj-AL,New York,15,61,59,3,12,1,0,2,8,1,0,22,0,0,1,0,0,0,0.203,0.213,0.322,0.535,519317
Max Stassi,31,650,Maj-AL,Los Angeles,11,42,36,6,8,1,0,2,6,6,0,13,0,0,0,1,0,0,0.222,0.333,0.417,0.75,545358
Tyler Stephenson,25,656,Maj-NL,Cincinnati,11,37,30,4,8,0,0,2,6,4,0,6,2,0,1,1,0,0,0.267,0.378,0.467,0.845,663886
DJ Stewart,28,665,Maj-AL,Baltimore,3,3,3,0,0,0,0,0,0,0,0,2,0,0,0,0,0,0,0.0,0.0,0.0,0.0,621466
Trevor Story,29,651,Maj-AL,Boston,12,51,47,4,11,3,0,0,4,3,0,14,1,0,0,1,1,0,0.234,0.294,0.298,0.592,596115
Bryson Stott,24,656,Maj-NL,Philadelphia,9,31,30,1,4,1,0,0,3,1,0,10,0,0,0,0,0,0,0.133,0.161,0.167,0.328,681082
Dee Strange-Gordon,34,664,Maj-NL,Washington,3,3,3,1,0,0,0,0,0,0,0,2,0,0,0,0,0,0,0.0,0.0,0.0,0.0,543829
Myles Straw,27,650,Maj-AL,Cleveland,16,71,62,14,16,2,1,0,2,9,0,12,0,0,0,0,4,0,0.258,0.352,0.323,0.675,664702
Garrett Stubbs,29,658,Maj-NL,Philadelphia,3,6,5,0,2,1,0,0,0,1,0,0,0,0,0,0,0,0,0.4,0.5,0.6,1.1,596117
Eugenio Su\xc3\xa1rez,30,651,Maj-AL,Seattle,15,64,55,10,14,6,0,3,10,9,0,16,0,0,0,1,0,0,0.255,0.359,0.527,0.887,553993
Kurt Suzuki,38,651,Maj-AL,Los Angeles,6,26,23,4,5,1,0,1,4,3,0,4,0,0,0,1,0,0,0.217,0.308,0.391,0.699,435559
Seiya Suzuki,27,651,Maj-NL,Chicago,16,63,48,12,17,4,0,4,13,13,2,16,1,0,1,0,1,0,0.354,0.492,0.688,1.18,673548
Dansby Swanson,28,651,Maj-NL,Atlanta,17,64,58,5,10,4,1,0,4,6,0,26,0,0,0,3,1,0,0.172,0.25,0.276,0.526,621020
Raimel Tapia,28,650,Maj-AL,Toronto,13,53,51,7,12,1,0,1,2,0,0,10,0,1,0,2,2,0,0.235,0.235,0.314,0.549,606132
Chris Taylor,31,650,Maj-NL,Los Angeles,14,58,48,5,14,4,1,0,8,8,0,17,0,0,2,2,2,0,0.292,0.379,0.417,0.796,621035
Michael A. Taylor,31,651,Maj-AL,Kansas City,13,43,37,7,8,0,0,1,3,6,0,7,0,0,0,0,0,0,0.216,0.326,0.297,0.623,572191
Tyrone Taylor,28,651,Maj-NL,Milwaukee,9,30,28,0,6,4,0,0,2,1,0,6,1,0,0,1,0,0,0.214,0.267,0.357,0.624,621438
Rowdy Tellez,27,650,Maj-NL,Milwaukee,16,51,48,7,10,3,0,3,8,3,0,11,0,0,0,1,0,0,0.208,0.255,0.458,0.713,642133
Lane Thomas,26,651,Maj-NL,Washington,16,55,50,2,10,3,0,0,6,4,0,17,0,0,1,0,1,0,0.2,0.255,0.26,0.515,657041
Spencer Torkelson,22,651,Maj-AL,Detroit,15,55,46,6,10,1,0,3,8,8,0,17,1,0,0,1,0,0,0.217,0.346,0.435,0.78,679529
Abraham Toro,25,651,Maj-AL,Seattle,13,49,44,4,8,4,0,1,4,5,0,8,0,0,0,1,0,0,0.182,0.265,0.341,0.606,647351
Luis Torrens,26,658,Maj-AL,Seattle,4,14,13,2,3,0,0,0,0,1,0,4,0,0,0,0,0,0,0.231,0.286,0.231,0.517,620443
Gleyber Torres,25,651,Maj-AL,New York,15,50,44,1,10,3,0,1,3,3,0,9,1,1,1,1,0,0,0.227,0.286,0.364,0.649,650402
Alan Trejo,26,651,Maj-NL,Colorado,6,20,20,3,6,0,0,1,5,0,0,3,0,0,0,0,0,0,0.3,0.3,0.45,0.75,676701
Jose Trevino,29,651,Maj-AL,New York,8,19,18,3,5,1,0,0,2,1,0,1,0,0,0,1,1,0,0.278,0.316,0.333,0.649,624431
Mike Trout,30,650,Maj-AL,Los Angeles,13,55,46,12,15,3,1,4,5,7,0,10,2,0,0,0,0,0,0.326,0.436,0.696,1.132,545361
Yoshi Tsutsugo,30,651,Maj-NL,Pittsburgh,14,58,47,5,9,1,0,0,7,8,0,15,0,0,3,2,0,0,0.192,0.293,0.213,0.506,660294
Cole Tucker,25,652,Maj-NL,Pittsburgh,11,41,41,1,7,0,1,0,1,0,0,16,0,0,0,1,1,0,0.171,0.171,0.22,0.39,657061
Kyle Tucker,25,650,Maj-AL,Houston,16,65,59,4,10,0,0,2,5,6,1,14,0,0,0,0,2,0,0.17,0.246,0.271,0.517,663656
Justin Turner,37,650,Maj-NL,Los Angeles,16,66,59,7,12,2,0,0,8,5,0,12,0,0,2,2,0,0,0.203,0.258,0.237,0.495,457759
Trea Turner,29,650,Maj-NL,Los Angeles,16,69,65,8,18,3,1,1,15,3,0,16,0,0,1,0,3,0,0.277,0.304,0.4,0.704,607208
Ram\xc3\xb3n Ur\xc3\xadas,28,652,Maj-AL,Baltimore,13,54,51,3,9,2,0,0,2,3,0,14,0,0,0,1,0,0,0.177,0.222,0.216,0.438,602104
Gio Urshela,30,651,Maj-AL,Minnesota,14,49,43,5,12,0,0,1,4,5,0,5,0,0,1,4,0,0,0.279,0.347,0.349,0.696,570482
Josh VanMeter,27,653,Maj-NL,Pittsburgh,7,20,18,3,4,0,0,1,1,2,0,6,0,0,0,0,1,0,0.222,0.3,0.389,0.689,642165
Daulton Varsho,25,650,Maj-NL,Arizona,17,65,55,6,12,0,0,4,8,8,0,18,0,0,2,1,2,0,0.218,0.308,0.436,0.744,662139
Andrew Vaughn,24,651,Maj-AL,Chicago,12,44,40,4,12,2,0,3,8,3,0,7,1,0,0,0,0,0,0.3,0.364,0.575,0.939,683734
Christian V\xc3\xa1zquez,31,651,Maj-AL,Boston,11,40,37,3,7,0,0,1,4,0,0,10,1,0,2,0,0,0,0.189,0.2,0.27,0.47,543877
Andrew Velazquez,27,650,Maj-AL,Los Angeles,12,42,36,5,5,1,0,0,2,5,0,12,0,0,1,1,2,0,0.139,0.238,0.167,0.405,623205
Alex Verdugo,26,650,Maj-AL,Boston,17,67,58,4,16,2,0,3,12,6,2,6,0,0,3,3,0,0,0.276,0.328,0.466,0.794,657077
Matt Vierling,25,650,Maj-NL,Philadelphia,16,41,36,2,6,1,0,0,4,3,0,9,1,0,1,2,0,0,0.167,0.244,0.194,0.438,663837
Jonathan Villar,31,651,Maj-NL,Chicago,12,50,44,8,15,2,0,0,8,4,0,9,0,0,2,1,1,0,0.341,0.38,0.386,0.766,542340
Daniel Vogelbach,29,652,Maj-NL,Pittsburgh,13,50,45,9,14,2,0,3,5,5,1,13,0,0,0,1,0,0,0.311,0.38,0.556,0.936,596129
Stephen Vogt,37,655,Maj-AL,Oakland,6,15,14,3,1,0,0,1,1,1,0,6,0,0,0,0,0,0,0.071,0.133,0.286,0.419,519390
Luke Voit,31,653,Maj-NL,San Diego,13,54,42,5,6,1,0,0,5,10,0,17,1,0,1,3,1,0,0.143,0.315,0.167,0.482,572228
Jason Vosler,28,650,Maj-NL,San Francisco,4,16,15,1,4,1,0,0,1,1,1,5,0,0,0,0,0,1,0.267,0.313,0.333,0.646,613564
Joey Votto,38,651,Maj-NL,Cincinnati,16,64,53,3,8,1,0,0,2,8,0,22,3,0,0,1,0,0,0.151,0.297,0.17,0.467,458015
Tyler Wade,27,650,Maj-AL,Los Angeles,16,43,36,3,9,2,0,0,5,3,0,7,0,4,0,1,2,2,0.25,0.308,0.306,0.613,642180
Christian Walker,31,650,Maj-NL,Arizona,16,66,58,9,10,2,0,4,7,8,0,14,0,0,0,0,0,1,0.172,0.273,0.414,0.687,572233
Taylor Walls,25,651,Maj-AL,Tampa Bay,13,37,29,3,8,1,1,0,1,7,0,8,1,0,0,1,3,0,0.276,0.432,0.379,0.812,670764
Jared Walsh,28,650,Maj-AL,Los Angeles,15,55,51,7,13,0,0,2,8,3,0,15,1,0,0,1,0,1,0.255,0.309,0.373,0.682,665120
Donovan Walton,28,652,Maj-AL,Seattle,1,0,0,1,0,0,0,0,0,0,0,0,0,0,0,0,0,0,,,,,622268
Taylor Ward,28,650,Maj-AL,Los Angeles,9,40,30,8,11,1,0,3,5,10,0,8,0,0,0,1,1,2,0.367,0.525,0.7,1.225,621493
Joey Wendle,32,651,Maj-NL,Miami,13,48,44,6,15,5,0,0,5,3,0,4,1,0,0,0,2,0,0.341,0.396,0.455,0.85,621563
Eli White,28,650,Maj-AL,Texas,12,18,16,5,4,2,0,0,1,2,0,5,0,0,0,0,2,0,0.25,0.333,0.375,0.708,642201
Luke Williams,25,658,Maj-NL,San Francisco,5,5,5,0,2,1,0,0,3,0,0,1,0,0,0,0,0,0,0.4,0.4,0.6,1.0,663897
Jesse Winker,28,651,Maj-AL,Seattle,16,68,52,6,8,1,0,0,6,15,0,9,0,0,1,1,0,0,0.154,0.338,0.173,0.511,608385
Patrick Wisdom,30,651,Maj-NL,Chicago,15,55,48,9,12,5,0,2,11,6,0,21,0,0,1,2,0,1,0.25,0.327,0.479,0.807,621550
Bobby Witt Jr.,22,651,Maj-AL,Kansas City,14,56,54,4,10,3,1,0,4,2,0,16,0,0,0,2,2,1,0.185,0.214,0.278,0.492,677951
Connor Wong,26,655,Maj-AL,Boston,2,7,6,0,1,0,0,0,1,0,0,1,0,0,1,0,0,0,0.167,0.143,0.167,0.31,657136
Kolten Wong,31,650,Maj-NL,Milwaukee,17,59,56,5,9,1,2,0,5,1,0,12,1,0,1,0,1,0,0.161,0.186,0.25,0.436,543939
Mike Yastrzemski,31,652,Maj-NL,San Francisco,14,50,45,6,12,1,0,1,3,4,0,8,1,0,0,0,0,1,0.267,0.34,0.356,0.696,573262
Christian Yelich,30,650,Maj-NL,Milwaukee,16,67,56,6,11,4,0,1,8,8,0,19,1,0,2,0,2,0,0.196,0.299,0.321,0.62,592885
Bradley Zimmer,29,650,Maj-AL,Toronto,11,19,19,2,2,0,0,1,1,0,0,8,0,0,0,0,0,0,0.105,0.105,0.263,0.369,605548
Mike Zunino,31,651,Maj-AL,Tampa Bay,11,38,35,1,3,1,0,0,1,2,0,13,0,0,1,0,0,0,0.086,0.132,0.114,0.246,572287
